"ACC1","f29aa9dd-ca0b-460f-ad24-c7680c6717fb","fade0d77-af80-4d01-bc34-2ce27283d766","0a212b1d-3c79-488d-a4f7-9305889282a7","scarab-soap"
"ACC1","f29aa9dd-ca0b-460f-ad24-c7680c6717fb","fade0d77-af80-4d01-bc34-2ce27283d766","17e986b9-406e-48bb-beea-bf25be067d66","scarab-lamb"
"ACC1","f29aa9dd-ca0b-460f-ad24-c7680c6717fb","fade0d77-af80-4d01-bc34-2ce27283d766","21361ae3-16c1-4a91-a819-a777d176fa6d","scarab-lion-rng123"
"ACC1","f29aa9dd-ca0b-460f-ad24-c7680c6717fb","fade0d77-af80-4d01-bc34-2ce27283d766","222bc914-fad2-4b66-89d4-1cb646d5ec28","scarab-lion-m1-rng144"
"ACC1","f29aa9dd-ca0b-460f-ad24-c7680c6717fb","fade0d77-af80-4d01-bc34-2ce27283d766","294ce1a2-4f45-4fb0-b996-56312f592f5c","phase1-rng144"
"ACC1","f29aa9dd-ca0b-460f-ad24-c7680c6717fb","fade0d77-af80-4d01-bc34-2ce27283d766","369e8b9f-d22e-447a-a900-f67e5b244416","scarab-signum"
"ACC1","f29aa9dd-ca0b-460f-ad24-c7680c6717fb","fade0d77-af80-4d01-bc34-2ce27283d766","48629e70-2ff6-427c-ab0a-45f910d61630","TEST-LEADER-v2"
"ACC1","f29aa9dd-ca0b-460f-ad24-c7680c6717fb","fade0d77-af80-4d01-bc34-2ce27283d766","4936db23-3126-4bb4-9986-7b4fedff91a7","scarab-signum-rng144"
"ACC1","f29aa9dd-ca0b-460f-ad24-c7680c6717fb","fade0d77-af80-4d01-bc34-2ce27283d766","55ef6a99-d953-49e1-9818-6c4a39af0025","phase1-rng123"
"ACC1","f29aa9dd-ca0b-460f-ad24-c7680c6717fb","fade0d77-af80-4d01-bc34-2ce27283d766","7602b2b9-7588-4621-897d-2cd663a81530","scarab-ranger-rng144"
"ACC1","f29aa9dd-ca0b-460f-ad24-c7680c6717fb","fade0d77-af80-4d01-bc34-2ce27283d766","87139784-df3b-4d98-a1ba-776b5ea01a6f","phase1-rng47"
"ACC1","f29aa9dd-ca0b-460f-ad24-c7680c6717fb","fade0d77-af80-4d01-bc34-2ce27283d766","8c527241-ffb2-4acf-ac32-149dd4942da6","scarab-prodigy-rng144"
"ACC1","f29aa9dd-ca0b-460f-ad24-c7680c6717fb","fade0d77-af80-4d01-bc34-2ce27283d766","8dc44884-2fe9-48b3-bc0c-4347f2e101dd","scarab-sgdm-rng144"
"ACC1","f29aa9dd-ca0b-460f-ad24-c7680c6717fb","fade0d77-af80-4d01-bc34-2ce27283d766","920c3a19-e318-4a67-83be-62c754a6d0fb","scarab-muon-rng144"
"ACC1","f29aa9dd-ca0b-460f-ad24-c7680c6717fb","fade0d77-af80-4d01-bc34-2ce27283d766","a206b2bc-4ebd-4815-b70d-13ca6bf423ec","scarab-lamb-rng144"
"ACC1","f29aa9dd-ca0b-460f-ad24-c7680c6717fb","fade0d77-af80-4d01-bc34-2ce27283d766","af65e401-a2d4-4293-8a60-a4cdc8783b68","scarab-sf-lite-rng123"
"ACC1","f29aa9dd-ca0b-460f-ad24-c7680c6717fb","fade0d77-af80-4d01-bc34-2ce27283d766","b49970d6-a952-4b37-9762-fbfc2592ff71","scarab-adamw-rng123"
"ACC1","f29aa9dd-ca0b-460f-ad24-c7680c6717fb","fade0d77-af80-4d01-bc34-2ce27283d766","b60cee96-a406-41ab-8da7-7f66807eefe7","phase1-rng89"
"ACC1","f29aa9dd-ca0b-460f-ad24-c7680c6717fb","fade0d77-af80-4d01-bc34-2ce27283d766","c1cd8dfa-d493-444c-93fb-f16f8b48d25c","TEST-TRAINER-SEED-43"
"ACC1","f29aa9dd-ca0b-460f-ad24-c7680c6717fb","fade0d77-af80-4d01-bc34-2ce27283d766","d8ddc4ec-ad18-47e9-8544-ecece221a446","scarab-shampoo-rng89"
"ACC1","f29aa9dd-ca0b-460f-ad24-c7680c6717fb","fade0d77-af80-4d01-bc34-2ce27283d766","f8df73b5-89d9-4fab-b330-fd93b3cf3d52","scarab-soap-rng144"
"ACC2","ad0f8f04-c56d-4b11-9350-cc0c2700b9db","f4adeded-a0e6-45a3-b5c8-76fdeecc38f5","15a3cb76-522a-4f5b-a4f4-7eb6888f6de7","trios-train-v2-acc7-s1597"
"ACC3","475a2290-d990-426a-af57-594a934cf6f4","5724292a-1c7d-42ca-8859-edcab337c5a9","04b55f65-f95e-4227-b227-bfefab9e60f9","scarab-adafactor-rng144"
"ACC3","475a2290-d990-426a-af57-594a934cf6f4","5724292a-1c7d-42ca-8859-edcab337c5a9","0cf9f539-0346-4fe3-88c0-d130dcd95b18","scarab-signum-rng89"
"ACC3","475a2290-d990-426a-af57-594a934cf6f4","5724292a-1c7d-42ca-8859-edcab337c5a9","137012b3-8350-4fa6-bd02-fa6b4a17f54a","scarab-soap-rng123"
"ACC3","475a2290-d990-426a-af57-594a934cf6f4","5724292a-1c7d-42ca-8859-edcab337c5a9","1d44ee92-441e-488a-91d2-006daa6cb097","scarab-lion-rng89"
"ACC3","475a2290-d990-426a-af57-594a934cf6f4","5724292a-1c7d-42ca-8859-edcab337c5a9","249e936f-2ed9-4678-8377-1c11ad3bbec0","scarab-prodigy"
"ACC3","475a2290-d990-426a-af57-594a934cf6f4","5724292a-1c7d-42ca-8859-edcab337c5a9","2827984a-e0c4-48cf-b2ae-de1533a0bd27","scarab-sf-lite-rng89"
"ACC3","475a2290-d990-426a-af57-594a934cf6f4","5724292a-1c7d-42ca-8859-edcab337c5a9","2917132c-c861-410f-9792-0df79d3c6e6f","scarab-lion-m1-rng123"
"ACC3","475a2290-d990-426a-af57-594a934cf6f4","5724292a-1c7d-42ca-8859-edcab337c5a9","30f52aa4-7149-42d7-a91f-80aeee7b8ce3","scarab-demo-rng123"
"ACC3","475a2290-d990-426a-af57-594a934cf6f4","5724292a-1c7d-42ca-8859-edcab337c5a9","422b1ffd-b6d1-41cd-874b-90f6284a0d2c","trios-mr-acc6-runner"
"ACC3","475a2290-d990-426a-af57-594a934cf6f4","5724292a-1c7d-42ca-8859-edcab337c5a9","43237c10-967f-4ef8-9343-5db10ce39760","scarab-sgdm-rng123"
"ACC3","475a2290-d990-426a-af57-594a934cf6f4","5724292a-1c7d-42ca-8859-edcab337c5a9","4e72adb6-d4db-44ad-8e2d-600379b889a8","scarab-prodigy-rng123"
"ACC3","475a2290-d990-426a-af57-594a934cf6f4","5724292a-1c7d-42ca-8859-edcab337c5a9","55a2e307-9960-4487-a163-836cd95380d4","scarab-tiger-rng89"
"ACC3","475a2290-d990-426a-af57-594a934cf6f4","5724292a-1c7d-42ca-8859-edcab337c5a9","577d9717-c6a4-4fb6-a8d3-e582f5ec7407","scarab-tiger-rng144"
"ACC3","475a2290-d990-426a-af57-594a934cf6f4","5724292a-1c7d-42ca-8859-edcab337c5a9","723ba6b6-3c5c-46c7-af89-bbb9a3da7d65","scarab-tiger-rng123"
"ACC3","475a2290-d990-426a-af57-594a934cf6f4","5724292a-1c7d-42ca-8859-edcab337c5a9","955c958b-4b1e-46dc-84f8-a4495ecc1d09","scarab-lamb-rng123"
"ACC3","475a2290-d990-426a-af57-594a934cf6f4","5724292a-1c7d-42ca-8859-edcab337c5a9","abbbcc73-bd3c-4430-8d1f-a7f4300fd354","scarab-tiger-rng47"
"ACC3","475a2290-d990-426a-af57-594a934cf6f4","5724292a-1c7d-42ca-8859-edcab337c5a9","ad78beac-0456-40e6-9ff0-50921ee3472c","scarab-adopt-rng89"
"ACC3","475a2290-d990-426a-af57-594a934cf6f4","5724292a-1c7d-42ca-8859-edcab337c5a9","bd1ff69f-153c-4586-9bed-29100c1c7040","scarab-adopt"
"ACC3","475a2290-d990-426a-af57-594a934cf6f4","5724292a-1c7d-42ca-8859-edcab337c5a9","d67e6e2e-21db-4a55-bcde-8a8b801aa1dd","scarab-ranger-rng89"
"ACC3","475a2290-d990-426a-af57-594a934cf6f4","5724292a-1c7d-42ca-8859-edcab337c5a9","e1274e08-46c3-433c-a6a7-e16427495b08","scarab-demo-rng47"
"ACC3","475a2290-d990-426a-af57-594a934cf6f4","5724292a-1c7d-42ca-8859-edcab337c5a9","f3b705c0-ce36-43f1-9394-a4acc8c1916a","scarab-muon-rng123"
